CREATE DATABASE AD3NORMALIZACION;
USE AD3NORMALIZACION;
CREATE TABLE ALUMNOS (
DNIALU VARCHAR(11) PRIMARY KEY,
NOMALU VARCHAR(60) NOT NULL,
NOMCIUALU VARCHAR(30) NOT NULL,
DIRALU VARCHAR(60) NOT NULL
);
CREATE TABLE ESCUELAS (
CODESC VARCHAR(5) PRIMARY KEY,
NOMESC VARCHAR(30) NOT NULL,
NOMCIUESC VARCHAR(30) NOT NULL,
DIRESC VARCHAR(60) NOT NULL
);
CREATE TABLE ASIGNATURAS (
CODASI VARCHAR(4) PRIMARY KEY,
NOMEST VARCHAR(60) NOT NULL,
NIVEL VARCHAR(20) NOT NULL
);
CREATE TABLE MATRICULAS (
DNIALU VARCHAR(11) NOT NULL,
CODESC VARCHAR(5) NOT NULL,
CODASI VARCHAR(4) NOT NULL,
GRUPO VARCHAR(2) NOT NULL,
AULA INTEGER NOT NULL,
CURSO VARCHAR(5) NOT NULL,
FOREIGN KEY (DNIALU) REFERENCES ALUMNOS (DNIALU),
FOREIGN KEY (CODESC) REFERENCES ESCUELAS (CODESC),
FOREIGN KEY (CODASI) REFERENCES ASIGNATURAS (CODASI)
);
INSERT INTO ALUMNOS (DNIALU,NOMALU,NOMCIUALU,DIRALU) VALUES
('45623897V', 'Fernando Martínez','Madrid','C/Nuria 72'),
('12398745F','Ana López','Gualadajara','C/Hermosilla 10'),
('9512354J','Carlos Sánchez','Granada','C/Mayor 36'),
('96134672K','Paola Delgado','Barcelona','C/Nueva 8'),
('82937182G','Irene Simón','Barcelona','C/Las Tablas 2');
INSERT INTO ESCUELAS (CODESC,NOMESC,NOMCIUESC,DIRESC) VALUES
('SC001','E.S. Los Andes','Madrid','Avda. Canteros s/n'),
('SC035','Escuela Pirineos','Almería','C/Sin gracia 57'),
('SC851','Alameda','Barcelona','C/Pérez Galdós 4'),
('SC120','El Montecito','Barcelona','C/Santa Bárbara 4');
INSERT INTO ASIGNATURAS (CODASI,NOMEST,NIVEL) VALUES
('AS01','Inglés para los negocios','Básico'),
('AS02','Inglés para los negocios','Intermedio'),
('AS03','Inglés para los negocios','Avanzado'),
('AS04','Aplicaciones Informáticas','Básico'),
('AS05','Aplicaciones Informáticas','Intermedio'),
('AS06','Aplicaciones Informáticas','Avanzado'),
('AS07','Ciberseguridad','Básico'),
('AS08','Ciberseguridad','Intermedio'),
('AS09','Ciberseguridad','Avanzado');
INSERT INTO MATRICULAS (DNIALU,CODESC,CODASI,GRUPO,AULA,CURSO) VALUES
('45623897V','SC001','AS03','GA',205,'17-18'),
('45623897V','SC001','AS04','GA',301,'17-18'),
('12398745F','SC001','AS04','GA',301,'17-18'),
('9512354J','SC035','AS03','GA',10,'16-17'),
('96134672K','SC851','AS08','GA',201,'16-17'),
('82937182G','SC120','AS08','GB',59,'15-16'),
('82937182G','SC120','AS07','GB',58,'14-15');
SELECT * FROM ALUMNOS;
SELECT * FROM ESCUELAS;
SELECT * FROM ASIGNATURAS;
SELECT * FROM MATRICULAS